{
    "hosting": {
        "source": ".",
        "ignore": [
            "firebase.json",
            "**/.*",
            "**/node_modules/**"
        ],
        "frameworksBackend": {
            "region": "asia-northeast1"
        },
        "headers": [
            {
                "source": "**",
                "headers": [
                    {
                        "key": "X-Content-Type-Options",
                        "value": "nosniff"
                    },
                    {
                        "key": "X-Frame-Options",
                        "value": "SAMEORIGIN"
                    },
                    {
                        "key": "Strict-Transport-Security",
                        "value": "max-age=31536000; includeSubDomains"
                    },
                    {
                        "key": "Referrer-Policy",
                        "value": "strict-origin-when-cross-origin"
                    }
                ]
            }
        ]
    }
}