{
    "hosting": {
        "public": "out",
        "ignore": [
            "firebase.json",
            "**/.*",
            "**/node_modules/**"
        ],
        "headers": [
            {
                "source": "**",
                "headers": [
                    {
                        "key": "Content-Security-Policy",
                        "value": "default-src 'self' https://www.reinfolib.mlit.go.jp; script-src 'self' 'unsafe-inline' 'unsafe-eval'; style-src 'self' 'unsafe-inline'; font-src 'self' data:; connect-src 'self' https://www.reinfolib.mlit.go.jp"
                    },
                    {
                        "key": "Strict-Transport-Security",
                        "value": "max-age=31536000; includeSubDomains"
                    },
                    {
                        "key": "X-Content-Type-Options",
                        "value": "nosniff"
                    },
                    {
                        "key": "X-Frame-Options",
                        "value": "DENY"
                    }
                ]
            }
        ]
    }
}